Year,AvgProfitability
2007,4.058519948636364
2009,5.0233118821666665
2010,2.03756361775
2011,3.1899022110714284
2008,8.1913428156
